Книга;SHA оригинала;Страниц PDF;Страниц извлечено;Страниц OCR;Визуально просмотрено;Исправлений геометрии;Допуск обучения;Ограничения
Chel_i_mir_1kl_Trafimova_rus_2023.pdf;e85d040069a13e07513ecd02fb1a13103f9726bfc9c80dd849f034d712621102;87;87;87;6;0;Нет;Автоизвлечение и OCR не равны проверенной разметке всех иллюстраций/слов.
Chel_i_mir_Trafimova_2kl_rus_2024.pdf;2a05762013544e1a4def8f5c9748d7f91bd1f18d5d936ac5e7d028b78aa2f80b;150;150;150;10;4;Нет;Автоизвлечение и OCR не равны проверенной разметке всех иллюстраций/слов.
izo_Sokolova_2kl_rus_2019.pdf;c3b508ef9abf7f5ab2d848230e41c7278384de2674f23c21f7367ce206495331;178;178;178;5;0;Нет;Автоизвлечение и OCR не равны проверенной разметке всех иллюстраций/слов.
lit_chtenie_2k_ch1_Voropaeva_rus_2022.pdf;fe07c06f46d9de13d4c6d090412ab0690d8e916623ff0e233eb4774b97401b8d;134;134;134;5;0;Нет;Автоизвлечение и OCR не равны проверенной разметке всех иллюстраций/слов.
lit_chtenie_2k_ch2_Voropaeva_rus_2022.pdf;be619e8e5341a2671a22377ea7a484a5b109ad26a9bf8a1c1ffbca557f26282b;141;141;141;5;0;Нет;Автоизвлечение и OCR не равны проверенной разметке всех иллюстраций/слов.
matematika-muravjova-1kl-ch1-rus_2024.pdf;0029feb5ba132920dac33308336441fcedaee31467fb0f65fa089ace9a6c55d8;118;118;118;8;0;Нет;Автоизвлечение и OCR не равны проверенной разметке всех иллюстраций/слов.
matematika-muravjova-1kl-ch2-rus_2024.pdf;ddf715adede67a6169e46f9336a6117d21ae67f47ba65a0193dca9dfb4d5c5d6;142;142;142;8;0;Нет;Автоизвлечение и OCR не равны проверенной разметке всех иллюстраций/слов.
matematika_2kl_1ch_Muravyova_rus_2025.pdf;87b1e0db7b0b783186ded66d8d0f10cdff53daaf3371a066b8227f28185c0cc1;150;150;150;8;5;Нет;Автоизвлечение и OCR не равны проверенной разметке всех иллюстраций/слов.
matematika_2kl_ch2_Muravyova_rus_2025.pdf;56a1fad813b3bea77320ef9e05b6766b4814f146a4d7545f18e5c26915352d8d;150;150;150;8;0;Нет;Автоизвлечение и OCR не равны проверенной разметке всех иллюстраций/слов.
OBJ_2kl_Abroskina_rus_2024.pdf;ef1feb98ee3ea5543888f090a44147828d00ff72f0beefc57783469f8efdf433;150;150;150;6;4;Нет;Автоизвлечение и OCR не равны проверенной разметке всех иллюстраций/слов.
Rus_yaz_2kl_ch1_Guleckaya_rus_2022.pdf;ee85174895ea1e21fb0f361475a18349b53091d976c6e883bee040781b947933;149;149;149;5;0;Нет;Автоизвлечение и OCR не равны проверенной разметке всех иллюстраций/слов.
Rus_yaz_2kl_ch2_Guleckaya_rus_2022.pdf;a292fba568b1fcc28dc24ff40303df10e7976173a156687b1a29c2074d7d0d78;149;149;149;5;0;Нет;Автоизвлечение и OCR не равны проверенной разметке всех иллюстраций/слов.
Внеклассное чтение. II класс. Хрестоматия (рус).pdf;f67490e30c873cb4a9ba46a56b4210cf4723c45287d01a6ef8e2e3070622c37b;65;65;65;5;0;Нет;Автоизвлечение и OCR не равны проверенной разметке всех иллюстраций/слов.
